Sample,Tm_Mean,Tm_Std
H-12C6,61.823906,0.08280476
H-12C8,62.516834,0.26870143
H-12C10,66.951294,0.074830346
H-12C11,67.09105,0.20524694
H-12C12,67.936386,0.12704405
H-12C15,65.60812,0.13920642
H-12C17,65.23126,0.08300534
H-12C18,63.88646,0.09829257
H-12C19,67.17989,0.13905177
H-12C20,67.88316,0.14965996
