Sample,Group,Tm_value
H-12C6,PB101,61.823906
H-12C8,PB101,62.516834
H-12C10,PB101,66.951294
H-12C11,PB101,67.09105
H-12C12,PB101,67.936386
H-12C15,PB101,65.60812
H-12C17,Fc,65.23126
H-12C18,Fc,63.88646
H-12C19,Fc,67.17989
H-12C20,PB101,67.88316
