"","make","mileage"
"9","lincoln",11.3333333333333
"8","land rover",11.5
"3","dodge",13.1351351351351
"10","mercury",13.25
"7","jeep",13.5
"4","ford",14
"2","chevrolet",15
"12","pontiac",17
"1","audi",17.6111111111111
"11","nissan",18.0769230769231
"14","toyota",18.5294117647059
"6","hyundai",18.6428571428571
"13","subaru",19.2857142857143
"15","volkswagen",20.9259259259259
"5","honda",24.4444444444444
